{
    "version": "1.0",
    "explanations": {
        "kernel_shap": {
            "label0": {
                "global_shap_values": {
                    "driver_relationship_spouse": 0.0011056600584938045,
                    "num_insurers_past_5_years": 0.0142278972351389,
                    "policy_state_id": 0.0011528433295582925,
                    "vehicle_claim": 0.00536813753788532,
                    "authorities_contacted_fire": 0.0011413508435747345,
                    "incident_type_collision": 0.0011356328780322098,
                    "incident_severity": 0.0010639054171782804,
                    "injury_claim": 0.0014223113011142049,
                    "num_vehicles_involved": 0.0012170731059116117,
                    "policy_liability": 0.0011112171461468948,
                    "authorities_contacted_ambulance": 0.001094697346445654,
                    "collision_type_side": 0.001113284813888088,
                    "collision_type_na": 0.0010740759577693338,
                    "authorities_contacted_none": 0.0015655192107113104,
                    "incident_type_theft": 0.0013190036538746255,
                    "customer_gender_female": 0.0011041467801611478,
                    "num_injuries": 0.004469211824933526,
                    "authorities_contacted_police": 0.0011705306676845302,
                    "incident_month": 0.0011612108549342206,
                    "collision_type_rear": 0.0011839142156345166,
                    "customer_age": 0.0011827769030060902,
                    "driver_relationship_na": 0.0011159294446410326,
                    "customer_gender_male": 0.018982693004553648,
                    "policy_state_or": 0.0010803668372342454,
                    "months_as_customer": 0.002091924371919746,
                    "driver_relationship_child": 0.001058119894862242,
                    "customer_education": 0.0011577687615316747,
                    "auto_year": 0.0014458563370284493,
                    "policy_state_az": 0.0011272834802078097,
                    "incident_dow": 0.0013334657025407574,
                    "incident_type_breakin": 0.00109939147516975,
                    "incident_day": 0.002008774463907889,
                    "total_claim_amount": 0.0011681094164174314,
                    "policy_state_wa": 0.0011257693047304741,
                    "policy_deductable": 0.0010652816944056512,
                    "driver_relationship_other": 0.000979816082742282,
                    "policy_state_nv": 0.0011308282776343944,
                    "policy_state_ca": 0.0010741549750310953,
                    "num_claims_past_year": 0.0029072320279510495,
                    "collision_type_front": 0.0011409463368375853,
                    "incident_hour": 0.0013784657317358472,
                    "driver_relationship_self": 0.001212525137042165,
                    "police_report_available": 0.0010217013067932734,
                    "policy_annual_premium": 0.0011766276929281226,
                    "num_witnesses": 0.0046892065958714976
                },
                "expected_value": 0.011180935427546501
            }
        }
    }
}