{
    "version": "1.0",
    "explanations": {
        "kernel_shap": {
            "label0": {
                "global_shap_values": {
                    "customer_gender_male": 0.016375058105717027,
                    "customer_education": 0.0005294294754776131,
                    "incident_type_collision": 0.00048194417886133464,
                    "num_injuries": 0.004279425283698231,
                    "policy_liability": 0.0005745676270833839,
                    "customer_gender_female": 0.0005525769266617269,
                    "incident_severity": 0.0005068484227754677,
                    "authorities_contacted_fire": 0.0004990306057212099,
                    "collision_type_front": 0.0004787676328092145,
                    "incident_type_theft": 0.0004971020198886377,
                    "authorities_contacted_none": 0.000505177760023403,
                    "collision_type_rear": 0.0005224579134776683,
                    "policy_state_or": 0.00046454587727722614,
                    "policy_annual_premium": 0.0005058990623855792,
                    "policy_state_az": 0.0004841604887626909,
                    "incident_type_breakin": 0.0005162942532639946,
                    "collision_type_na": 0.0005092025153965179,
                    "driver_relationship_na": 0.0004660224310591665,
                    "num_witnesses": 0.003285431245214908,
                    "months_as_customer": 0.0011241567909169245,
                    "policy_state_nv": 0.0004758822106459139,
                    "policy_state_id": 0.0005150232036913168,
                    "incident_hour": 0.0006838597322164755,
                    "incident_month": 0.0005398217103651108,
                    "authorities_contacted_ambulance": 0.00046893308987635434,
                    "driver_relationship_spouse": 0.0005527359166405737,
                    "incident_day": 0.000673255868675057,
                    "policy_state_ca": 0.000477602048462764,
                    "driver_relationship_child": 0.0005647999595223372,
                    "total_claim_amount": 0.0005507385079818145,
                    "vehicle_claim": 0.0006914913414494607,
                    "injury_claim": 0.0004801549630481336,
                    "num_claims_past_year": 0.0021620323194005667,
                    "customer_age": 0.0006273045483733894,
                    "auto_year": 0.00045347149914300313,
                    "police_report_available": 0.000566358813979376,
                    "incident_dow": 0.00045793294936872706,
                    "num_vehicles_involved": 0.0006014217118222685,
                    "num_insurers_past_5_years": 0.012883945975669449,
                    "collision_type_side": 0.0005404414913405135,
                    "driver_relationship_self": 0.0006354203296538099,
                    "policy_state_wa": 0.0005838706211571987,
                    "policy_deductable": 0.0005118957525842422,
                    "driver_relationship_other": 0.0004954695312640817,
                    "authorities_contacted_police": 0.000529130305017908
                },
                "expected_value": 0.01880461908876896
            }
        }
    }
}