{
    "version": "1.0",
    "explanations": {
        "kernel_shap": {
            "label0": {
                "global_shap_values": {
                    "incident_type_breakin": 0.001428832934733923,
                    "num_vehicles_involved": 0.0016135579531498549,
                    "collision_type_na": 0.0015586532015872965,
                    "policy_state_nv": 0.0012837876614879666,
                    "authorities_contacted_fire": 0.0014091296594642166,
                    "customer_gender_male": 0.011666422375396486,
                    "authorities_contacted_ambulance": 0.0012906551941175195,
                    "injury_claim": 0.003980603561008371,
                    "policy_deductable": 0.0014518375280764017,
                    "collision_type_front": 0.001420848770616265,
                    "authorities_contacted_none": 0.0014028859008269688,
                    "driver_relationship_self": 0.0012314647346061318,
                    "collision_type_rear": 0.0012223438298267996,
                    "policy_state_or": 0.0012162665236695358,
                    "driver_relationship_spouse": 0.0012367875903262413,
                    "auto_year": 0.0020136410898130438,
                    "num_witnesses": 0.004401366852482107,
                    "incident_month": 0.0015852779585033598,
                    "vehicle_claim": 0.0012165955277604011,
                    "incident_hour": 0.0014465875427769352,
                    "num_claims_past_year": 0.0019785229772941323,
                    "driver_relationship_other": 0.0014341326047217792,
                    "authorities_contacted_police": 0.0013140825468434896,
                    "driver_relationship_na": 0.0014150698029034396,
                    "incident_day": 0.002444005282823681,
                    "incident_type_theft": 0.001268773631673402,
                    "policy_state_az": 0.001249129593541742,
                    "customer_gender_female": 0.0012638656092230018,
                    "policy_annual_premium": 0.0013051035851626403,
                    "months_as_customer": 0.008792129069778172,
                    "policy_state_ca": 0.0013641443743065617,
                    "num_insurers_past_5_years": 0.009411069685812264,
                    "total_claim_amount": 0.0036104557782692752,
                    "incident_dow": 0.0018120025982418272,
                    "incident_type_collision": 0.0014322886794421526,
                    "customer_age": 0.00190006027322496,
                    "collision_type_side": 0.001295557245173004,
                    "driver_relationship_child": 0.0012925544411365533,
                    "police_report_available": 0.0015994168380946523,
                    "policy_state_wa": 0.001501157685601439,
                    "incident_severity": 0.0020055507878401027,
                    "customer_education": 0.0012216428562782315,
                    "policy_liability": 0.0017221521842505007,
                    "policy_state_id": 0.0014495391439833083,
                    "num_injuries": 0.0017708619558245405
                },
                "expected_value": 0.023869039490818977
            }
        }
    }
}