{
    "version": "1.0",
    "explanations": {
        "kernel_shap": {
            "label0": {
                "global_shap_values": {
                    "authorities_contacted_none": 0.0017199521922894312,
                    "policy_liability": 0.001749412461948078,
                    "customer_gender_female": 0.010652496899023069,
                    "incident_severity": 0.0011868101155361982,
                    "total_claim_amount": 0.001875858596398655,
                    "driver_relationship_child": 0.001477432060519645,
                    "policy_state_az": 0.0009664679158653414,
                    "police_report_available": 0.001959491475738767,
                    "driver_relationship_self": 0.0010026764286482988,
                    "authorities_contacted_police": 0.001560547669076055,
                    "num_witnesses": 0.0019687484081303036,
                    "collision_type_front": 0.0013317100127422166,
                    "vehicle_claim": 0.001109789937416916,
                    "incident_day": 0.0010494561766035352,
                    "incident_type_breakin": 0.0011139210547508945,
                    "policy_state_nv": 0.0014300131901169555,
                    "policy_state_or": 0.0010073811376362588,
                    "injury_claim": 0.004159802537936646,
                    "num_vehicles_involved": 0.002099747007183658,
                    "incident_type_collision": 0.0021208602838675796,
                    "policy_state_ca": 0.0009141392815079565,
                    "num_claims_past_year": 0.0012202766929950875,
                    "incident_hour": 0.0016763251942930974,
                    "collision_type_side": 0.0010082686982694554,
                    "incident_month": 0.0014793741536172312,
                    "policy_annual_premium": 0.0015583732808419578,
                    "months_as_customer": 0.007478636600919364,
                    "num_insurers_past_5_years": 0.006066357417723918,
                    "policy_deductable": 0.002384759194277119,
                    "incident_type_theft": 0.0010392572851400524,
                    "num_injuries": 0.0013471466695041594,
                    "customer_gender_male": 0.0014248405857010757,
                    "authorities_contacted_ambulance": 0.0017691795535017003,
                    "customer_education": 0.0009916509239421682,
                    "driver_relationship_spouse": 0.0017369059685847965,
                    "policy_state_wa": 0.0011422604631815569,
                    "collision_type_rear": 0.0009325404223955268,
                    "incident_dow": 0.0030136546734420527,
                    "policy_state_id": 0.001200190399090521,
                    "auto_year": 0.0013009003559063394,
                    "driver_relationship_na": 0.0009035483424591222,
                    "customer_age": 0.0033495893551239962,
                    "authorities_contacted_fire": 0.001927148650398878,
                    "driver_relationship_other": 0.0016234508230425523,
                    "collision_type_na": 0.0013462836471519332
                },
                "expected_value": 0.02323850989341736
            }
        }
    }
}